{"backend_name": "ibmq_manila", "backend_version": "1.0.22", "qobj_id": "5738a49e-ae00-4c75-a005-adca871fdf40", "job_id": "61b93e22ec014d4851c8cc28", "date": "2021-12-15T01:26:08Z", "success": true, "status": "Successful completion", "execution_id": "f60dfb2e-5d45-11ec-846a-bc97e15b08d0", "time_taken": 8.288947582244873, "header": {"backend_name": "ibmq_manila", "backend_version": "1.0.22"}, "results": [{"shots": 10000, "success": true, "status": null, "seed": null, "meas_level": 2, "meas_return": null, "header": {"qubit_labels": [["q", 0], ["q", 1], ["q", 2], ["q", 3], ["q", 4]], "n_qubits": 5, "qreg_sizes": [["q", 5]], "clbit_labels": [["c", 0], ["c", 1], ["c", 2], ["c", 3], ["c", 4]], "memory_slots": 5, "creg_sizes": [["c", 5]], "name": "circuit-263", "global_phase": 3.141592653589793, "metadata": {}}, "data": {"counts": {"0x0": 550, "0x1": 121, "0x10": 124, "0x11": 111, "0x12": 114, "0x13": 103, "0x14": 640, "0x15": 529, "0x16": 573, "0x17": 591, "0x18": 513, "0x19": 109, "0x1a": 143, "0x1b": 426, "0x1c": 379, "0x1d": 82, "0x1e": 80, "0x1f": 380, "0x2": 138, "0x3": 445, "0x4": 470, "0x5": 98, "0x6": 129, "0x7": 405, "0x8": 114, "0x9": 110, "0xa": 101, "0xb": 108, "0xc": 653, "0xd": 538, "0xe": 541, "0xf": 582}, "snapshots": null, "memory": null, "statevector": null, "unitary": null}}], "error": null}