{"qobj_id":"5738a49e-ae00-4c75-a005-adca871fdf40","header":{"backend_name":"ibmq_manila","backend_version":"1.0.22"},"config":{"shots":10000,"memory":false,"parameter_binds":[],"meas_level":2,"init_qubits":true,"memory_slots":5,"n_qubits":5},"schema_version":"1.3.0","type":"QASM","experiments":[{"config":{"n_qubits":5,"memory_slots":5},"header":{"qubit_labels":[["q",0],["q",1],["q",2],["q",3],["q",4]],"n_qubits":5,"qreg_sizes":[["q",5]],"clbit_labels":[["c",0],["c",1],["c",2],["c",3],["c",4]],"memory_slots":5,"creg_sizes":[["c",5]],"name":"circuit-263","global_phase":3.141592653589793,"metadata":{}},"instructions":[{"name":"rz","params":[1.5707963267948966],"qubits":[1]},{"name":"sx","qubits":[1]},{"name":"rz","params":[1.5707963267948966],"qubits":[1]},{"name":"cx","qubits":[1,0]},{"name":"rz","params":[0.7853981633974483],"qubits":[0]},{"name":"rz","params":[1.5707963267948966],"qubits":[2]},{"name":"sx","qubits":[2]},{"name":"rz","params":[1.5707963267948966],"qubits":[2]},{"name":"cx","qubits":[2,1]},{"name":"rz","params":[1.5707963267948966],"qubits":[3]},{"name":"sx","qubits":[3]},{"name":"rz","params":[1.5707963267948966],"qubits":[3]},{"name":"cx","qubits":[3,4]},{"name":"cx","qubits":[2,3]},{"name":"rz","params":[0.7853981633974483],"qubits":[4]},{"name":"measure","qubits":[0],"memory":[0]},{"name":"measure","qubits":[1],"memory":[1]},{"name":"measure","qubits":[2],"memory":[2]},{"name":"measure","qubits":[3],"memory":[3]},{"name":"measure","qubits":[4],"memory":[4]}]}]}